First Name,Last Name,Email
John,Smith,john.smith@acme.com
Sarah,Johnson,sarah.johnson@acme.com
Michael,Williams,michael.williams@acme.com
Emily,Brown,emily.brown@acme.com
David,Jones,david.jones@acme.com
Emma,Garcia,emma.garcia@acme.com
James,Miller,james.miller@acme.com
Olivia,Davis,olivia.davis@acme.com
Robert,Rodriguez,robert.rodriguez@acme.com
Sophia,Martinez,sophia.martinez@acme.com
William,Hernandez,william.hernandez@acme.com
Isabella,Lopez,isabella.lopez@acme.com
Benjamin,Gonzalez,benjamin.gonzalez@acme.com
Mia,Wilson,mia.wilson@acme.com
Lucas,Anderson,lucas.anderson@acme.com
Charlotte,Thomas,charlotte.thomas@acme.com
Henry,Taylor,henry.taylor@acme.com
Amelia,Moore,amelia.moore@acme.com
Alexander,Jackson,alexander.jackson@acme.com
Harper,Martin,harper.martin@acme.com
Daniel,Lee,daniel.lee@acme.com
Evelyn,Perez,evelyn.perez@acme.com
Matthew,Thompson,matthew.thompson@acme.com
Abigail,White,abigail.white@acme.com
Joseph,Harris,joseph.harris@acme.com
Elizabeth,Sanchez,elizabeth.sanchez@acme.com
Samuel,Clark,samuel.clark@acme.com
Sofia,Ramirez,sofia.ramirez@acme.com
Sebastian,Lewis,sebastian.lewis@acme.com
Avery,Robinson,avery.robinson@acme.com
Jack,Walker,jack.walker@acme.com
Scarlett,Young,scarlett.young@acme.com
Owen,Allen,owen.allen@acme.com
Grace,King,grace.king@acme.com
Liam,Wright,liam.wright@acme.com
Chloe,Scott,chloe.scott@acme.com
Noah,Torres,noah.torres@acme.com
Lily,Nguyen,lily.nguyen@acme.com
Ethan,Hill,ethan.hill@acme.com
Zoe,Flores,zoe.flores@acme.com
Mason,Green,mason.green@acme.com
Hannah,Adams,hannah.adams@acme.com
Logan,Nelson,logan.nelson@acme.com
Aria,Baker,aria.baker@acme.com
Jacob,Hall,jacob.hall@acme.com
