name,email,passport,nationality
James Smith,james.smith0@test.example.com,AB123456,GB
Mary Johnson,mary.johnson1@test.example.com,CD234567,US
John Williams,john.williams2@test.example.com,EF345678,CA
Patricia Brown,patricia.brown3@test.example.com,GH456789,AU
Robert Jones,robert.jones4@test.example.com,IJ567890,NZ
Jennifer Garcia,jennifer.garcia5@test.example.com,KL678901,GB
Michael Miller,michael.miller6@test.example.com,MN789012,US
Linda Davis,linda.davis7@test.example.com,OP890123,CA
William Rodriguez,william.rodriguez8@test.example.com,QR901234,AU
Barbara Martinez,barbara.martinez9@test.example.com,ST012345,NZ
